{
  "frames": [
    {
      "filename": "Dead1",
      "frame": { "x": 0, "y": 0, "w": 80, "h": 64 },
      "rotated": false,
      "trimmed": false,
      "spriteSourceSize": { "x": 0, "y": 0, "w": 80, "h": 64 },
      "sourceSize": { "w": 80, "h": 64 }
    },
    {
      "filename": "Dead2",
      "frame": { "x": 0, "y": 195, "w": 80, "h": 64 },
      "rotated": false,
      "trimmed": false,
      "spriteSourceSize": { "x": 0, "y": 0, "w": 80, "h": 64 },
      "sourceSize": { "w": 80, "h": 64 }
    },
    {
      "filename": "Dead3",
      "frame": { "x": 0, "y": 65, "w": 80, "h": 64 },
      "rotated": false,
      "trimmed": false,
      "spriteSourceSize": { "x": 0, "y": 0, "w": 80, "h": 64 },
      "sourceSize": { "w": 80, "h": 64 }
    },
    {
      "filename": "Dead4",
      "frame": { "x": 81, "y": 0, "w": 80, "h": 64 },
      "rotated": false,
      "trimmed": false,
      "spriteSourceSize": { "x": 0, "y": 0, "w": 80, "h": 64 },
      "sourceSize": { "w": 80, "h": 64 }
    },
    {
      "filename": "Dead5",
      "frame": { "x": 81, "y": 65, "w": 80, "h": 64 },
      "rotated": false,
      "trimmed": false,
      "spriteSourceSize": { "x": 0, "y": 0, "w": 80, "h": 64 },
      "sourceSize": { "w": 80, "h": 64 }
    },
    {
      "filename": "Dead6",
      "frame": { "x": 0, "y": 130, "w": 80, "h": 64 },
      "rotated": false,
      "trimmed": false,
      "spriteSourceSize": { "x": 0, "y": 0, "w": 80, "h": 64 },
      "sourceSize": { "w": 80, "h": 64 }
    },
    {
      "filename": "Dead7",
      "frame": { "x": 81, "y": 130, "w": 80, "h": 64 },
      "rotated": false,
      "trimmed": false,
      "spriteSourceSize": { "x": 0, "y": 0, "w": 80, "h": 64 },
      "sourceSize": { "w": 80, "h": 64 }
    },
    {
      "filename": "Dead8",
      "frame": { "x": 162, "y": 0, "w": 80, "h": 64 },
      "rotated": false,
      "trimmed": false,
      "spriteSourceSize": { "x": 0, "y": 0, "w": 80, "h": 64 },
      "sourceSize": { "w": 80, "h": 64 }
    },
    {
      "filename": "Dead9",
      "frame": { "x": 162, "y": 65, "w": 80, "h": 64 },
      "rotated": false,
      "trimmed": false,
      "spriteSourceSize": { "x": 0, "y": 0, "w": 80, "h": 64 },
      "sourceSize": { "w": 80, "h": 64 }
    },
    {
      "filename": "Dead10",
      "frame": { "x": 162, "y": 130, "w": 80, "h": 64 },
      "rotated": false,
      "trimmed": false,
      "spriteSourceSize": { "x": 0, "y": 0, "w": 80, "h": 64 },
      "sourceSize": { "w": 80, "h": 64 }
    },
    {
      "filename": "Attack_left0",
      "frame": { "x": 81, "y": 195, "w": 53, "h": 64 },
      "rotated": false,
      "trimmed": false,
      "spriteSourceSize": { "x": 0, "y": 0, "w": 53, "h": 64 },
      "sourceSize": { "w": 53, "h": 64 }
    },
    {
      "filename": "Attack_left1",
      "frame": { "x": 135, "y": 195, "w": 53, "h": 64 },
      "rotated": false,
      "trimmed": false,
      "spriteSourceSize": { "x": 0, "y": 0, "w": 53, "h": 64 },
      "sourceSize": { "w": 53, "h": 64 }
    },
    {
      "filename": "Attack_left2",
      "frame": { "x": 189, "y": 195, "w": 53, "h": 64 },
      "rotated": false,
      "trimmed": false,
      "spriteSourceSize": { "x": 0, "y": 0, "w": 53, "h": 64 },
      "sourceSize": { "w": 53, "h": 64 }
    },
    {
      "filename": "Attack_left3",
      "frame": { "x": 243, "y": 0, "w": 53, "h": 64 },
      "rotated": false,
      "trimmed": false,
      "spriteSourceSize": { "x": 0, "y": 0, "w": 53, "h": 64 },
      "sourceSize": { "w": 53, "h": 64 }
    },
    {
      "filename": "Attack_left4",
      "frame": { "x": 243, "y": 65, "w": 53, "h": 64 },
      "rotated": false,
      "trimmed": false,
      "spriteSourceSize": { "x": 0, "y": 0, "w": 53, "h": 64 },
      "sourceSize": { "w": 53, "h": 64 }
    },
    {
      "filename": "Attack_left5",
      "frame": { "x": 243, "y": 130, "w": 53, "h": 64 },
      "rotated": false,
      "trimmed": false,
      "spriteSourceSize": { "x": 0, "y": 0, "w": 53, "h": 64 },
      "sourceSize": { "w": 53, "h": 64 }
    },
    {
      "filename": "Attack_left6",
      "frame": { "x": 243, "y": 195, "w": 53, "h": 64 },
      "rotated": false,
      "trimmed": false,
      "spriteSourceSize": { "x": 0, "y": 0, "w": 53, "h": 64 },
      "sourceSize": { "w": 53, "h": 64 }
    },
    {
      "filename": "Attack_left7",
      "frame": { "x": 0, "y": 260, "w": 53, "h": 64 },
      "rotated": false,
      "trimmed": false,
      "spriteSourceSize": { "x": 0, "y": 0, "w": 53, "h": 64 },
      "sourceSize": { "w": 53, "h": 64 }
    },
    {
      "filename": "Attack_left8",
      "frame": { "x": 54, "y": 260, "w": 53, "h": 64 },
      "rotated": false,
      "trimmed": false,
      "spriteSourceSize": { "x": 0, "y": 0, "w": 53, "h": 64 },
      "sourceSize": { "w": 53, "h": 64 }
    },
    {
      "filename": "Attack_left9",
      "frame": { "x": 108, "y": 260, "w": 53, "h": 64 },
      "rotated": false,
      "trimmed": false,
      "spriteSourceSize": { "x": 0, "y": 0, "w": 53, "h": 64 },
      "sourceSize": { "w": 53, "h": 64 }
    },
    {
      "filename": "Attack_right0",
      "frame": { "x": 162, "y": 260, "w": 53, "h": 64 },
      "rotated": false,
      "trimmed": false,
      "spriteSourceSize": { "x": 0, "y": 0, "w": 53, "h": 64 },
      "sourceSize": { "w": 53, "h": 64 }
    },
    {
      "filename": "Attack_right1",
      "frame": { "x": 216, "y": 260, "w": 53, "h": 64 },
      "rotated": false,
      "trimmed": false,
      "spriteSourceSize": { "x": 0, "y": 0, "w": 53, "h": 64 },
      "sourceSize": { "w": 53, "h": 64 }
    },
    {
      "filename": "Attack_right2",
      "frame": { "x": 297, "y": 0, "w": 53, "h": 64 },
      "rotated": false,
      "trimmed": false,
      "spriteSourceSize": { "x": 0, "y": 0, "w": 53, "h": 64 },
      "sourceSize": { "w": 53, "h": 64 }
    },
    {
      "filename": "Attack_right3",
      "frame": { "x": 297, "y": 65, "w": 53, "h": 64 },
      "rotated": false,
      "trimmed": false,
      "spriteSourceSize": { "x": 0, "y": 0, "w": 53, "h": 64 },
      "sourceSize": { "w": 53, "h": 64 }
    },
    {
      "filename": "Attack_right4",
      "frame": { "x": 297, "y": 130, "w": 53, "h": 64 },
      "rotated": false,
      "trimmed": false,
      "spriteSourceSize": { "x": 0, "y": 0, "w": 53, "h": 64 },
      "sourceSize": { "w": 53, "h": 64 }
    },
    {
      "filename": "Attack_right5",
      "frame": { "x": 297, "y": 195, "w": 53, "h": 64 },
      "rotated": false,
      "trimmed": false,
      "spriteSourceSize": { "x": 0, "y": 0, "w": 53, "h": 64 },
      "sourceSize": { "w": 53, "h": 64 }
    },
    {
      "filename": "Attack_right6",
      "frame": { "x": 297, "y": 260, "w": 53, "h": 64 },
      "rotated": false,
      "trimmed": false,
      "spriteSourceSize": { "x": 0, "y": 0, "w": 53, "h": 64 },
      "sourceSize": { "w": 53, "h": 64 }
    },
    {
      "filename": "Attack_right7",
      "frame": { "x": 0, "y": 325, "w": 53, "h": 64 },
      "rotated": false,
      "trimmed": false,
      "spriteSourceSize": { "x": 0, "y": 0, "w": 53, "h": 64 },
      "sourceSize": { "w": 53, "h": 64 }
    },
    {
      "filename": "Attack_right8",
      "frame": { "x": 54, "y": 325, "w": 53, "h": 64 },
      "rotated": false,
      "trimmed": false,
      "spriteSourceSize": { "x": 0, "y": 0, "w": 53, "h": 64 },
      "sourceSize": { "w": 53, "h": 64 }
    },
    {
      "filename": "Attack_right9",
      "frame": { "x": 108, "y": 325, "w": 53, "h": 64 },
      "rotated": false,
      "trimmed": false,
      "spriteSourceSize": { "x": 0, "y": 0, "w": 53, "h": 64 },
      "sourceSize": { "w": 53, "h": 64 }
    },
    {
      "filename": "Idle_left0",
      "frame": { "x": 162, "y": 325, "w": 53, "h": 64 },
      "rotated": false,
      "trimmed": false,
      "spriteSourceSize": { "x": 0, "y": 0, "w": 53, "h": 64 },
      "sourceSize": { "w": 53, "h": 64 }
    },
    {
      "filename": "Idle_left1",
      "frame": { "x": 216, "y": 325, "w": 53, "h": 64 },
      "rotated": false,
      "trimmed": false,
      "spriteSourceSize": { "x": 0, "y": 0, "w": 53, "h": 64 },
      "sourceSize": { "w": 53, "h": 64 }
    },
    {
      "filename": "Idle_left2",
      "frame": { "x": 270, "y": 325, "w": 53, "h": 64 },
      "rotated": false,
      "trimmed": false,
      "spriteSourceSize": { "x": 0, "y": 0, "w": 53, "h": 64 },
      "sourceSize": { "w": 53, "h": 64 }
    },
    {
      "filename": "Idle_left3",
      "frame": { "x": 351, "y": 0, "w": 53, "h": 64 },
      "rotated": false,
      "trimmed": false,
      "spriteSourceSize": { "x": 0, "y": 0, "w": 53, "h": 64 },
      "sourceSize": { "w": 53, "h": 64 }
    },
    {
      "filename": "Idle_left4",
      "frame": { "x": 351, "y": 65, "w": 53, "h": 64 },
      "rotated": false,
      "trimmed": false,
      "spriteSourceSize": { "x": 0, "y": 0, "w": 53, "h": 64 },
      "sourceSize": { "w": 53, "h": 64 }
    },
    {
      "filename": "Idle_left5",
      "frame": { "x": 351, "y": 130, "w": 53, "h": 64 },
      "rotated": false,
      "trimmed": false,
      "spriteSourceSize": { "x": 0, "y": 0, "w": 53, "h": 64 },
      "sourceSize": { "w": 53, "h": 64 }
    },
    {
      "filename": "Idle_left6",
      "frame": { "x": 351, "y": 195, "w": 53, "h": 64 },
      "rotated": false,
      "trimmed": false,
      "spriteSourceSize": { "x": 0, "y": 0, "w": 53, "h": 64 },
      "sourceSize": { "w": 53, "h": 64 }
    },
    {
      "filename": "Idle_left7",
      "frame": { "x": 351, "y": 260, "w": 53, "h": 64 },
      "rotated": false,
      "trimmed": false,
      "spriteSourceSize": { "x": 0, "y": 0, "w": 53, "h": 64 },
      "sourceSize": { "w": 53, "h": 64 }
    },
    {
      "filename": "Idle_left8",
      "frame": { "x": 351, "y": 325, "w": 53, "h": 64 },
      "rotated": false,
      "trimmed": false,
      "spriteSourceSize": { "x": 0, "y": 0, "w": 53, "h": 64 },
      "sourceSize": { "w": 53, "h": 64 }
    },
    {
      "filename": "Idle_left9",
      "frame": { "x": 0, "y": 390, "w": 53, "h": 64 },
      "rotated": false,
      "trimmed": false,
      "spriteSourceSize": { "x": 0, "y": 0, "w": 53, "h": 64 },
      "sourceSize": { "w": 53, "h": 64 }
    },
    {
      "filename": "Idle_right0",
      "frame": { "x": 54, "y": 390, "w": 53, "h": 64 },
      "rotated": false,
      "trimmed": false,
      "spriteSourceSize": { "x": 0, "y": 0, "w": 53, "h": 64 },
      "sourceSize": { "w": 53, "h": 64 }
    },
    {
      "filename": "Idle_right1",
      "frame": { "x": 108, "y": 390, "w": 53, "h": 64 },
      "rotated": false,
      "trimmed": false,
      "spriteSourceSize": { "x": 0, "y": 0, "w": 53, "h": 64 },
      "sourceSize": { "w": 53, "h": 64 }
    },
    {
      "filename": "Idle_right2",
      "frame": { "x": 162, "y": 390, "w": 53, "h": 64 },
      "rotated": false,
      "trimmed": false,
      "spriteSourceSize": { "x": 0, "y": 0, "w": 53, "h": 64 },
      "sourceSize": { "w": 53, "h": 64 }
    },
    {
      "filename": "Idle_right3",
      "frame": { "x": 216, "y": 390, "w": 53, "h": 64 },
      "rotated": false,
      "trimmed": false,
      "spriteSourceSize": { "x": 0, "y": 0, "w": 53, "h": 64 },
      "sourceSize": { "w": 53, "h": 64 }
    },
    {
      "filename": "Idle_right4",
      "frame": { "x": 270, "y": 390, "w": 53, "h": 64 },
      "rotated": false,
      "trimmed": false,
      "spriteSourceSize": { "x": 0, "y": 0, "w": 53, "h": 64 },
      "sourceSize": { "w": 53, "h": 64 }
    },
    {
      "filename": "Idle_right5",
      "frame": { "x": 324, "y": 390, "w": 53, "h": 64 },
      "rotated": false,
      "trimmed": false,
      "spriteSourceSize": { "x": 0, "y": 0, "w": 53, "h": 64 },
      "sourceSize": { "w": 53, "h": 64 }
    },
    {
      "filename": "Idle_right6",
      "frame": { "x": 405, "y": 0, "w": 53, "h": 64 },
      "rotated": false,
      "trimmed": false,
      "spriteSourceSize": { "x": 0, "y": 0, "w": 53, "h": 64 },
      "sourceSize": { "w": 53, "h": 64 }
    },
    {
      "filename": "Idle_right7",
      "frame": { "x": 405, "y": 65, "w": 53, "h": 64 },
      "rotated": false,
      "trimmed": false,
      "spriteSourceSize": { "x": 0, "y": 0, "w": 53, "h": 64 },
      "sourceSize": { "w": 53, "h": 64 }
    },
    {
      "filename": "Idle_right8",
      "frame": { "x": 405, "y": 130, "w": 53, "h": 64 },
      "rotated": false,
      "trimmed": false,
      "spriteSourceSize": { "x": 0, "y": 0, "w": 53, "h": 64 },
      "sourceSize": { "w": 53, "h": 64 }
    },
    {
      "filename": "Idle_right9",
      "frame": { "x": 405, "y": 195, "w": 53, "h": 64 },
      "rotated": false,
      "trimmed": false,
      "spriteSourceSize": { "x": 0, "y": 0, "w": 53, "h": 64 },
      "sourceSize": { "w": 53, "h": 64 }
    },
    {
      "filename": "Jump_left0",
      "frame": { "x": 405, "y": 260, "w": 53, "h": 64 },
      "rotated": false,
      "trimmed": false,
      "spriteSourceSize": { "x": 0, "y": 0, "w": 53, "h": 64 },
      "sourceSize": { "w": 53, "h": 64 }
    },
    {
      "filename": "Jump_left1",
      "frame": { "x": 405, "y": 325, "w": 53, "h": 64 },
      "rotated": false,
      "trimmed": false,
      "spriteSourceSize": { "x": 0, "y": 0, "w": 53, "h": 64 },
      "sourceSize": { "w": 53, "h": 64 }
    },
    {
      "filename": "Jump_left2",
      "frame": { "x": 405, "y": 390, "w": 53, "h": 64 },
      "rotated": false,
      "trimmed": false,
      "spriteSourceSize": { "x": 0, "y": 0, "w": 53, "h": 64 },
      "sourceSize": { "w": 53, "h": 64 }
    },
    {
      "filename": "Jump_left3",
      "frame": { "x": 459, "y": 0, "w": 53, "h": 64 },
      "rotated": false,
      "trimmed": false,
      "spriteSourceSize": { "x": 0, "y": 0, "w": 53, "h": 64 },
      "sourceSize": { "w": 53, "h": 64 }
    },
    {
      "filename": "Jump_left4",
      "frame": { "x": 459, "y": 65, "w": 53, "h": 64 },
      "rotated": false,
      "trimmed": false,
      "spriteSourceSize": { "x": 0, "y": 0, "w": 53, "h": 64 },
      "sourceSize": { "w": 53, "h": 64 }
    },
    {
      "filename": "Jump_left5",
      "frame": { "x": 459, "y": 130, "w": 53, "h": 64 },
      "rotated": false,
      "trimmed": false,
      "spriteSourceSize": { "x": 0, "y": 0, "w": 53, "h": 64 },
      "sourceSize": { "w": 53, "h": 64 }
    },
    {
      "filename": "Jump_left6",
      "frame": { "x": 459, "y": 195, "w": 53, "h": 64 },
      "rotated": false,
      "trimmed": false,
      "spriteSourceSize": { "x": 0, "y": 0, "w": 53, "h": 64 },
      "sourceSize": { "w": 53, "h": 64 }
    },
    {
      "filename": "Jump_left7",
      "frame": { "x": 459, "y": 260, "w": 53, "h": 64 },
      "rotated": false,
      "trimmed": false,
      "spriteSourceSize": { "x": 0, "y": 0, "w": 53, "h": 64 },
      "sourceSize": { "w": 53, "h": 64 }
    },
    {
      "filename": "Jump_left8",
      "frame": { "x": 459, "y": 325, "w": 53, "h": 64 },
      "rotated": false,
      "trimmed": false,
      "spriteSourceSize": { "x": 0, "y": 0, "w": 53, "h": 64 },
      "sourceSize": { "w": 53, "h": 64 }
    },
    {
      "filename": "Jump_left9",
      "frame": { "x": 459, "y": 390, "w": 53, "h": 64 },
      "rotated": false,
      "trimmed": false,
      "spriteSourceSize": { "x": 0, "y": 0, "w": 53, "h": 64 },
      "sourceSize": { "w": 53, "h": 64 }
    },
    {
      "filename": "Jump_right0",
      "frame": { "x": 0, "y": 455, "w": 53, "h": 64 },
      "rotated": false,
      "trimmed": false,
      "spriteSourceSize": { "x": 0, "y": 0, "w": 53, "h": 64 },
      "sourceSize": { "w": 53, "h": 64 }
    },
    {
      "filename": "Jump_right1",
      "frame": { "x": 54, "y": 455, "w": 53, "h": 64 },
      "rotated": false,
      "trimmed": false,
      "spriteSourceSize": { "x": 0, "y": 0, "w": 53, "h": 64 },
      "sourceSize": { "w": 53, "h": 64 }
    },
    {
      "filename": "Jump_right2",
      "frame": { "x": 108, "y": 455, "w": 53, "h": 64 },
      "rotated": false,
      "trimmed": false,
      "spriteSourceSize": { "x": 0, "y": 0, "w": 53, "h": 64 },
      "sourceSize": { "w": 53, "h": 64 }
    },
    {
      "filename": "Jump_right3",
      "frame": { "x": 162, "y": 455, "w": 53, "h": 64 },
      "rotated": false,
      "trimmed": false,
      "spriteSourceSize": { "x": 0, "y": 0, "w": 53, "h": 64 },
      "sourceSize": { "w": 53, "h": 64 }
    },
    {
      "filename": "Jump_right4",
      "frame": { "x": 540, "y": 650, "w": 53, "h": 64 },
      "rotated": false,
      "trimmed": false,
      "spriteSourceSize": { "x": 0, "y": 0, "w": 53, "h": 64 },
      "sourceSize": { "w": 53, "h": 64 }
    },
    {
      "filename": "Jump_right5",
      "frame": { "x": 270, "y": 455, "w": 53, "h": 64 },
      "rotated": false,
      "trimmed": false,
      "spriteSourceSize": { "x": 0, "y": 0, "w": 53, "h": 64 },
      "sourceSize": { "w": 53, "h": 64 }
    },
    {
      "filename": "Jump_right6",
      "frame": { "x": 324, "y": 455, "w": 53, "h": 64 },
      "rotated": false,
      "trimmed": false,
      "spriteSourceSize": { "x": 0, "y": 0, "w": 53, "h": 64 },
      "sourceSize": { "w": 53, "h": 64 }
    },
    {
      "filename": "Jump_right7",
      "frame": { "x": 378, "y": 455, "w": 53, "h": 64 },
      "rotated": false,
      "trimmed": false,
      "spriteSourceSize": { "x": 0, "y": 0, "w": 53, "h": 64 },
      "sourceSize": { "w": 53, "h": 64 }
    },
    {
      "filename": "Jump_right8",
      "frame": { "x": 432, "y": 455, "w": 53, "h": 64 },
      "rotated": false,
      "trimmed": false,
      "spriteSourceSize": { "x": 0, "y": 0, "w": 53, "h": 64 },
      "sourceSize": { "w": 53, "h": 64 }
    },
    {
      "filename": "Jump_right9",
      "frame": { "x": 513, "y": 0, "w": 53, "h": 64 },
      "rotated": false,
      "trimmed": false,
      "spriteSourceSize": { "x": 0, "y": 0, "w": 53, "h": 64 },
      "sourceSize": { "w": 53, "h": 64 }
    },
    {
      "filename": "Run_left0",
      "frame": { "x": 513, "y": 65, "w": 53, "h": 64 },
      "rotated": false,
      "trimmed": false,
      "spriteSourceSize": { "x": 0, "y": 0, "w": 53, "h": 64 },
      "sourceSize": { "w": 53, "h": 64 }
    },
    {
      "filename": "Run_left1",
      "frame": { "x": 513, "y": 130, "w": 53, "h": 64 },
      "rotated": false,
      "trimmed": false,
      "spriteSourceSize": { "x": 0, "y": 0, "w": 53, "h": 64 },
      "sourceSize": { "w": 53, "h": 64 }
    },
    {
      "filename": "Run_left2",
      "frame": { "x": 513, "y": 195, "w": 53, "h": 64 },
      "rotated": false,
      "trimmed": false,
      "spriteSourceSize": { "x": 0, "y": 0, "w": 53, "h": 64 },
      "sourceSize": { "w": 53, "h": 64 }
    },
    {
      "filename": "Run_left3",
      "frame": { "x": 513, "y": 260, "w": 53, "h": 64 },
      "rotated": false,
      "trimmed": false,
      "spriteSourceSize": { "x": 0, "y": 0, "w": 53, "h": 64 },
      "sourceSize": { "w": 53, "h": 64 }
    },
    {
      "filename": "Run_left4",
      "frame": { "x": 513, "y": 325, "w": 53, "h": 64 },
      "rotated": false,
      "trimmed": false,
      "spriteSourceSize": { "x": 0, "y": 0, "w": 53, "h": 64 },
      "sourceSize": { "w": 53, "h": 64 }
    },
    {
      "filename": "Run_left5",
      "frame": { "x": 513, "y": 390, "w": 53, "h": 64 },
      "rotated": false,
      "trimmed": false,
      "spriteSourceSize": { "x": 0, "y": 0, "w": 53, "h": 64 },
      "sourceSize": { "w": 53, "h": 64 }
    },
    {
      "filename": "Run_left6",
      "frame": { "x": 513, "y": 455, "w": 53, "h": 64 },
      "rotated": false,
      "trimmed": false,
      "spriteSourceSize": { "x": 0, "y": 0, "w": 53, "h": 64 },
      "sourceSize": { "w": 53, "h": 64 }
    },
    {
      "filename": "Run_left7",
      "frame": { "x": 0, "y": 520, "w": 53, "h": 64 },
      "rotated": false,
      "trimmed": false,
      "spriteSourceSize": { "x": 0, "y": 0, "w": 53, "h": 64 },
      "sourceSize": { "w": 53, "h": 64 }
    },
    {
      "filename": "Run_left8",
      "frame": { "x": 54, "y": 520, "w": 53, "h": 64 },
      "rotated": false,
      "trimmed": false,
      "spriteSourceSize": { "x": 0, "y": 0, "w": 53, "h": 64 },
      "sourceSize": { "w": 53, "h": 64 }
    },
    {
      "filename": "Run_left9",
      "frame": { "x": 108, "y": 520, "w": 53, "h": 64 },
      "rotated": false,
      "trimmed": false,
      "spriteSourceSize": { "x": 0, "y": 0, "w": 53, "h": 64 },
      "sourceSize": { "w": 53, "h": 64 }
    },
    {
      "filename": "Run_right0",
      "frame": { "x": 162, "y": 520, "w": 53, "h": 64 },
      "rotated": false,
      "trimmed": false,
      "spriteSourceSize": { "x": 0, "y": 0, "w": 53, "h": 64 },
      "sourceSize": { "w": 53, "h": 64 }
    },
    {
      "filename": "Run_right1",
      "frame": { "x": 216, "y": 520, "w": 53, "h": 64 },
      "rotated": false,
      "trimmed": false,
      "spriteSourceSize": { "x": 0, "y": 0, "w": 53, "h": 64 },
      "sourceSize": { "w": 53, "h": 64 }
    },
    {
      "filename": "Run_right2",
      "frame": { "x": 270, "y": 520, "w": 53, "h": 64 },
      "rotated": false,
      "trimmed": false,
      "spriteSourceSize": { "x": 0, "y": 0, "w": 53, "h": 64 },
      "sourceSize": { "w": 53, "h": 64 }
    },
    {
      "filename": "Run_right3",
      "frame": { "x": 324, "y": 520, "w": 53, "h": 64 },
      "rotated": false,
      "trimmed": false,
      "spriteSourceSize": { "x": 0, "y": 0, "w": 53, "h": 64 },
      "sourceSize": { "w": 53, "h": 64 }
    },
    {
      "filename": "Run_right4",
      "frame": { "x": 378, "y": 520, "w": 53, "h": 64 },
      "rotated": false,
      "trimmed": false,
      "spriteSourceSize": { "x": 0, "y": 0, "w": 53, "h": 64 },
      "sourceSize": { "w": 53, "h": 64 }
    },
    {
      "filename": "Run_right5",
      "frame": { "x": 432, "y": 520, "w": 53, "h": 64 },
      "rotated": false,
      "trimmed": false,
      "spriteSourceSize": { "x": 0, "y": 0, "w": 53, "h": 64 },
      "sourceSize": { "w": 53, "h": 64 }
    },
    {
      "filename": "Run_right6",
      "frame": { "x": 486, "y": 520, "w": 53, "h": 64 },
      "rotated": false,
      "trimmed": false,
      "spriteSourceSize": { "x": 0, "y": 0, "w": 53, "h": 64 },
      "sourceSize": { "w": 53, "h": 64 }
    },
    {
      "filename": "Run_right7",
      "frame": { "x": 567, "y": 0, "w": 53, "h": 64 },
      "rotated": false,
      "trimmed": false,
      "spriteSourceSize": { "x": 0, "y": 0, "w": 53, "h": 64 },
      "sourceSize": { "w": 53, "h": 64 }
    },
    {
      "filename": "Run_right8",
      "frame": { "x": 567, "y": 65, "w": 53, "h": 64 },
      "rotated": false,
      "trimmed": false,
      "spriteSourceSize": { "x": 0, "y": 0, "w": 53, "h": 64 },
      "sourceSize": { "w": 53, "h": 64 }
    },
    {
      "filename": "Run_right9",
      "frame": { "x": 567, "y": 130, "w": 53, "h": 64 },
      "rotated": false,
      "trimmed": false,
      "spriteSourceSize": { "x": 0, "y": 0, "w": 53, "h": 64 },
      "sourceSize": { "w": 53, "h": 64 }
    },
    {
      "filename": "Walk_left0",
      "frame": { "x": 567, "y": 195, "w": 53, "h": 64 },
      "rotated": false,
      "trimmed": false,
      "spriteSourceSize": { "x": 0, "y": 0, "w": 53, "h": 64 },
      "sourceSize": { "w": 53, "h": 64 }
    },
    {
      "filename": "Walk_left1",
      "frame": { "x": 567, "y": 260, "w": 53, "h": 64 },
      "rotated": false,
      "trimmed": false,
      "spriteSourceSize": { "x": 0, "y": 0, "w": 53, "h": 64 },
      "sourceSize": { "w": 53, "h": 64 }
    },
    {
      "filename": "Walk_left2",
      "frame": { "x": 567, "y": 325, "w": 53, "h": 64 },
      "rotated": false,
      "trimmed": false,
      "spriteSourceSize": { "x": 0, "y": 0, "w": 53, "h": 64 },
      "sourceSize": { "w": 53, "h": 64 }
    },
    {
      "filename": "Walk_left3",
      "frame": { "x": 567, "y": 390, "w": 53, "h": 64 },
      "rotated": false,
      "trimmed": false,
      "spriteSourceSize": { "x": 0, "y": 0, "w": 53, "h": 64 },
      "sourceSize": { "w": 53, "h": 64 }
    },
    {
      "filename": "Walk_left4",
      "frame": { "x": 567, "y": 455, "w": 53, "h": 64 },
      "rotated": false,
      "trimmed": false,
      "spriteSourceSize": { "x": 0, "y": 0, "w": 53, "h": 64 },
      "sourceSize": { "w": 53, "h": 64 }
    },
    {
      "filename": "Walk_left5",
      "frame": { "x": 567, "y": 520, "w": 53, "h": 64 },
      "rotated": false,
      "trimmed": false,
      "spriteSourceSize": { "x": 0, "y": 0, "w": 53, "h": 64 },
      "sourceSize": { "w": 53, "h": 64 }
    },
    {
      "filename": "Walk_left6",
      "frame": { "x": 0, "y": 585, "w": 53, "h": 64 },
      "rotated": false,
      "trimmed": false,
      "spriteSourceSize": { "x": 0, "y": 0, "w": 53, "h": 64 },
      "sourceSize": { "w": 53, "h": 64 }
    },
    {
      "filename": "Walk_left7",
      "frame": { "x": 54, "y": 585, "w": 53, "h": 64 },
      "rotated": false,
      "trimmed": false,
      "spriteSourceSize": { "x": 0, "y": 0, "w": 53, "h": 64 },
      "sourceSize": { "w": 53, "h": 64 }
    },
    {
      "filename": "Walk_left8",
      "frame": { "x": 108, "y": 585, "w": 53, "h": 64 },
      "rotated": false,
      "trimmed": false,
      "spriteSourceSize": { "x": 0, "y": 0, "w": 53, "h": 64 },
      "sourceSize": { "w": 53, "h": 64 }
    },
    {
      "filename": "Walk_right0",
      "frame": { "x": 162, "y": 585, "w": 53, "h": 64 },
      "rotated": false,
      "trimmed": false,
      "spriteSourceSize": { "x": 0, "y": 0, "w": 53, "h": 64 },
      "sourceSize": { "w": 53, "h": 64 }
    },
    {
      "filename": "Walk_right1",
      "frame": { "x": 216, "y": 585, "w": 53, "h": 64 },
      "rotated": false,
      "trimmed": false,
      "spriteSourceSize": { "x": 0, "y": 0, "w": 53, "h": 64 },
      "sourceSize": { "w": 53, "h": 64 }
    },
    {
      "filename": "Walk_right2",
      "frame": { "x": 270, "y": 585, "w": 53, "h": 64 },
      "rotated": false,
      "trimmed": false,
      "spriteSourceSize": { "x": 0, "y": 0, "w": 53, "h": 64 },
      "sourceSize": { "w": 53, "h": 64 }
    },
    {
      "filename": "Walk_right3",
      "frame": { "x": 324, "y": 585, "w": 53, "h": 64 },
      "rotated": false,
      "trimmed": false,
      "spriteSourceSize": { "x": 0, "y": 0, "w": 53, "h": 64 },
      "sourceSize": { "w": 53, "h": 64 }
    },
    {
      "filename": "Walk_right4",
      "frame": { "x": 378, "y": 585, "w": 53, "h": 64 },
      "rotated": false,
      "trimmed": false,
      "spriteSourceSize": { "x": 0, "y": 0, "w": 53, "h": 64 },
      "sourceSize": { "w": 53, "h": 64 }
    },
    {
      "filename": "Walk_right5",
      "frame": { "x": 432, "y": 585, "w": 53, "h": 64 },
      "rotated": false,
      "trimmed": false,
      "spriteSourceSize": { "x": 0, "y": 0, "w": 53, "h": 64 },
      "sourceSize": { "w": 53, "h": 64 }
    },
    {
      "filename": "Walk_right6",
      "frame": { "x": 486, "y": 585, "w": 53, "h": 64 },
      "rotated": false,
      "trimmed": false,
      "spriteSourceSize": { "x": 0, "y": 0, "w": 53, "h": 64 },
      "sourceSize": { "w": 53, "h": 64 }
    },
    {
      "filename": "Walk_right7",
      "frame": { "x": 540, "y": 585, "w": 53, "h": 64 },
      "rotated": false,
      "trimmed": false,
      "spriteSourceSize": { "x": 0, "y": 0, "w": 53, "h": 64 },
      "sourceSize": { "w": 53, "h": 64 }
    },
    {
      "filename": "Walk_right8",
      "frame": { "x": 621, "y": 0, "w": 53, "h": 64 },
      "rotated": false,
      "trimmed": false,
      "spriteSourceSize": { "x": 0, "y": 0, "w": 53, "h": 64 },
      "sourceSize": { "w": 53, "h": 64 }
    },
    {
      "filename": "JumpAttack_left0",
      "frame": { "x": 621, "y": 65, "w": 53, "h": 64 },
      "rotated": false,
      "trimmed": false,
      "spriteSourceSize": { "x": 0, "y": 0, "w": 53, "h": 64 },
      "sourceSize": { "w": 53, "h": 64 }
    },
    {
      "filename": "JumpAttack_left1",
      "frame": { "x": 621, "y": 130, "w": 53, "h": 64 },
      "rotated": false,
      "trimmed": false,
      "spriteSourceSize": { "x": 0, "y": 0, "w": 53, "h": 64 },
      "sourceSize": { "w": 53, "h": 64 }
    },
    {
      "filename": "JumpAttack_left2",
      "frame": { "x": 621, "y": 195, "w": 53, "h": 64 },
      "rotated": false,
      "trimmed": false,
      "spriteSourceSize": { "x": 0, "y": 0, "w": 53, "h": 64 },
      "sourceSize": { "w": 53, "h": 64 }
    },
    {
      "filename": "JumpAttack_left3",
      "frame": { "x": 621, "y": 260, "w": 53, "h": 64 },
      "rotated": false,
      "trimmed": false,
      "spriteSourceSize": { "x": 0, "y": 0, "w": 53, "h": 64 },
      "sourceSize": { "w": 53, "h": 64 }
    },
    {
      "filename": "JumpAttack_left4",
      "frame": { "x": 621, "y": 325, "w": 53, "h": 64 },
      "rotated": false,
      "trimmed": false,
      "spriteSourceSize": { "x": 0, "y": 0, "w": 53, "h": 64 },
      "sourceSize": { "w": 53, "h": 64 }
    },
    {
      "filename": "JumpAttack_left5",
      "frame": { "x": 621, "y": 390, "w": 53, "h": 64 },
      "rotated": false,
      "trimmed": false,
      "spriteSourceSize": { "x": 0, "y": 0, "w": 53, "h": 64 },
      "sourceSize": { "w": 53, "h": 64 }
    },
    {
      "filename": "JumpAttack_left6",
      "frame": { "x": 621, "y": 455, "w": 53, "h": 64 },
      "rotated": false,
      "trimmed": false,
      "spriteSourceSize": { "x": 0, "y": 0, "w": 53, "h": 64 },
      "sourceSize": { "w": 53, "h": 64 }
    },
    {
      "filename": "JumpAttack_left7",
      "frame": { "x": 621, "y": 520, "w": 53, "h": 64 },
      "rotated": false,
      "trimmed": false,
      "spriteSourceSize": { "x": 0, "y": 0, "w": 53, "h": 64 },
      "sourceSize": { "w": 53, "h": 64 }
    },
    {
      "filename": "JumpAttack_left8",
      "frame": { "x": 621, "y": 585, "w": 53, "h": 64 },
      "rotated": false,
      "trimmed": false,
      "spriteSourceSize": { "x": 0, "y": 0, "w": 53, "h": 64 },
      "sourceSize": { "w": 53, "h": 64 }
    },
    {
      "filename": "JumpAttack_left9",
      "frame": { "x": 0, "y": 650, "w": 53, "h": 64 },
      "rotated": false,
      "trimmed": false,
      "spriteSourceSize": { "x": 0, "y": 0, "w": 53, "h": 64 },
      "sourceSize": { "w": 53, "h": 64 }
    },
    {
      "filename": "JumpAttack_right0",
      "frame": { "x": 54, "y": 650, "w": 53, "h": 64 },
      "rotated": false,
      "trimmed": false,
      "spriteSourceSize": { "x": 0, "y": 0, "w": 53, "h": 64 },
      "sourceSize": { "w": 53, "h": 64 }
    },
    {
      "filename": "JumpAttack_right1",
      "frame": { "x": 108, "y": 650, "w": 53, "h": 64 },
      "rotated": false,
      "trimmed": false,
      "spriteSourceSize": { "x": 0, "y": 0, "w": 53, "h": 64 },
      "sourceSize": { "w": 53, "h": 64 }
    },
    {
      "filename": "JumpAttack_right2",
      "frame": { "x": 162, "y": 650, "w": 53, "h": 64 },
      "rotated": false,
      "trimmed": false,
      "spriteSourceSize": { "x": 0, "y": 0, "w": 53, "h": 64 },
      "sourceSize": { "w": 53, "h": 64 }
    },
    {
      "filename": "JumpAttack_right3",
      "frame": { "x": 216, "y": 650, "w": 53, "h": 64 },
      "rotated": false,
      "trimmed": false,
      "spriteSourceSize": { "x": 0, "y": 0, "w": 53, "h": 64 },
      "sourceSize": { "w": 53, "h": 64 }
    },
    {
      "filename": "JumpAttack_right4",
      "frame": { "x": 270, "y": 650, "w": 53, "h": 64 },
      "rotated": false,
      "trimmed": false,
      "spriteSourceSize": { "x": 0, "y": 0, "w": 53, "h": 64 },
      "sourceSize": { "w": 53, "h": 64 }
    },
    {
      "filename": "JumpAttack_right5",
      "frame": { "x": 324, "y": 650, "w": 53, "h": 64 },
      "rotated": false,
      "trimmed": false,
      "spriteSourceSize": { "x": 0, "y": 0, "w": 53, "h": 64 },
      "sourceSize": { "w": 53, "h": 64 }
    },
    {
      "filename": "JumpAttack_right6",
      "frame": { "x": 378, "y": 650, "w": 53, "h": 64 },
      "rotated": false,
      "trimmed": false,
      "spriteSourceSize": { "x": 0, "y": 0, "w": 53, "h": 64 },
      "sourceSize": { "w": 53, "h": 64 }
    },
    {
      "filename": "JumpAttack_right7",
      "frame": { "x": 432, "y": 650, "w": 53, "h": 64 },
      "rotated": false,
      "trimmed": false,
      "spriteSourceSize": { "x": 0, "y": 0, "w": 53, "h": 64 },
      "sourceSize": { "w": 53, "h": 64 }
    },
    {
      "filename": "JumpAttack_right8",
      "frame": { "x": 486, "y": 650, "w": 53, "h": 64 },
      "rotated": false,
      "trimmed": false,
      "spriteSourceSize": { "x": 0, "y": 0, "w": 53, "h": 64 },
      "sourceSize": { "w": 53, "h": 64 }
    },
    {
      "filename": "JumpAttack_right9",
      "frame": { "x": 216, "y": 455, "w": 53, "h": 64 },
      "rotated": false,
      "trimmed": false,
      "spriteSourceSize": { "x": 0, "y": 0, "w": 53, "h": 64 },
      "sourceSize": { "w": 53, "h": 64 }
    }
  ],
  "meta": {
    "app": "https://www.leshylabs.com/apps/sstool/",
    "version": "Leshy SpriteSheet Tool v0.8.4",
    "image": "knight_atlas.png",
    "size": { "w": 674, "h": 714 },
    "scale": 1
  }
}
